customer_id,signup_date,age,gender,region,monthly_fee,total_streaming_hours,num_devices,plan_type,support_tickets_last_6mo,churned
bdd640fb-0667-4ad1-9c80-317fa3b1799d,1/13/2025,56,Non-binary,East,11.96,146.5,2,Standard,1,1
23b8c1e9-3924-46de-beb1-3b9046685257,11/5/2024,69,Male,West,9.11,111.7,5,Basic,0,0
bd9c66b3-ad3c-4d6d-9a3d-1fa7bc8960a9,10/8/2023,46,Female,South,11.54,100.6,3,Premium,0,0
972a8469-1641-4f82-8b9d-2434e465e150,2022-13-01,32,Male,East,18.48,169.3,2,Basic,2,0
17fc695a-07a0-4a6e-8822-e8f36c031199,7/20/2024,60,Male,South,8.04,49,5,Basic,1,0
9a1de644-815e-46d1-bb8f-aa1837f8a88b,12/20/2024,25,Non-binary,North,13.18,193.9,2,Premium,2,1
b74d0fb1-32e7-4629-8fad-c1a606cb0fb3,11/29/2024,78,Female,South,9.26,145.1,4,Premium,2,0
6b65a6a4-8b81-48f6-b38a-088ca65ed389,2/13/2025,38,Non-binary,North,14.13,47.9,1,Standard,1,0
47378190-96da-4dac-b2ff-5d2a386ecbe0,10/9/2023,56,Non-binary,South,18.07,149.9,2,Premium,3,0
c241330b-01a9-471f-9e8a-774bcf36d58b,11/22/2023,75,Female,East,18.32,110.7,1,Standard,1,0
6c307511-b2b9-437a-a8df-6ec4ce4a2bbd,1/29/2025,36,Male,East,9.3,144.4,5,Premium,1,0
371ecd7b-27cd-4130-8722-9389571aa876,8/15/2024,40,Male,North,18.7,155.9,1,Basic,0,1
1a2a73ed-562b-4f79-8374-59eef50bea63,1/1/2024,28,Female,West,14.28,26.6,2,Standard,0,0
5be6128e-18c2-4797-a142-ea7d17be3111,7/22/2025,28,Male,North,10.89,106.2,4,,0,0
43b7a3a6-9a8d-4a03-980d-7b71d8f56413,9/10/2024,41,Female,North,15.9,187.1,5,Standard,1,0
759cde66-bacf-43d0-8b1f-9163ce9ff57f,2/6/2024,70,Female,South,12.73,70.9,2,Basic,1,1
ec1b8ca1-f91e-4d4c-9ff4-9b7889463e85,10/27/2023,53,Non-binary,South,11.28,122.8,5,Basic,0,0
4b0dbb41-8d52-48f1-942c-3fe860e7a113,4/7/2024,57,Female,North,15.86,80.2,3,Basic,2,1
e2acf72f-9e57-4f7a-a0ee-89aed453dd32,7/8/2024,41,Non-binary,East,9.47,96.3,1,Basic,2,0
3139d32c-93cd-49bf-9c94-1cf0dc98d2c1,5/29/2024,20,Male,South,10.61,114.2,3,Basic,3,0
a9488d99-0bbb-4599-91ce-5dd2b45ed1f0,2/29/2024,39,Male,West,12.07,114.3,2,Standard,1,0
fc377a4c-4a15-444d-85e7-ce8a3a578a8e,9/5/2024,70,Male,South,9.54,48.3,4,Basic,0,0
ddd1dfb2-3b98-4ef8-9af6-1a26146d3f31,5/28/2024,19,Male,South,11.66,140.1,5,Standard,0,0
7412b293-4729-4739-a14f-f3d719db3ad0,6/6/2024,41,Non-binary,West,13.99,26.7,1,Basic,2,1
29a3b2e9-5d65-4441-9588-42dea2bc372f,5/1/2025,61,Male,North,16.36,36.4,5,Premium,1,0
ab9099a4-35a2-40ae-9af3-05535ec42e08,8/1/2025,47,Female,West,16.73,10.5,2,Standard,0,0
aefcfad8-efc8-4849-b3aa-7efe4458a885,7/8/2024,55,Female,North,17.51,32.2,5,Premium,1,0
a28defe3-9bf0-4273-9247-6f57a5e5a5ab,4/21/2024,19,Female,North,16.41,99.9,1,Standard,0,1
3eabedcb-baa8-4dd4-88bd-64072bcfbe01,4/24/2025,,Non-binary,North,15.52,125.2,2,Premium,2,1
451b4cf3-6123-4df7-b656-af7229d4beef,6/25/2025,38,Male,West,9.32,160.9,5,Basic,1,0
b02b61c4-a3d7-4628-ace6-6fa2fd5166e6,8/10/2024,50,Male,North,11.59,30.3,4,Basic,2,1
5304317f-af42-412f-b838-b3268e944239,3/31/2024,29,Male,East,12.68,171.6,2,Basic,0,0
0e51f30d-c6a7-4e39-84b0-32ccd7c524a5,6/27/2025,75,Non-binary,West,7.15,151.7,2,Standard,2,0
ce177b4e-0837-48a3-9261-a7ab3aa2e4f9,11/20/2023,39,,East,13.39,87.6,4,Premium,2,0
10f1bc81-448a-4a9e-a6b2-bc5b50c187fc,9/17/2024,78,Female,North,12.1,187.3,3,Basic,0,1
9132b63e-f162-47e4-a9c3-49e03602f8ac,10/3/2023,61,Male,South,17.22,198.3,1,Premium,2,0
366eb16f-508e-4ad7-b7c9-3acfe059a0ee,4/21/2025,,Female,North,19.68,49,3,Premium,0,0
e27a984d-6548-41d0-bfcd-9eb1a7cad415,11/9/2024,66,Female,East,13.77,82.1,5,Basic,1,0
24933b83-7577-40a9-a491-f0b2ea1fca65,10/28/2023,44,Non-binary,East,10.51,186,4,Basic,2,1
beb79919-3f22-4af8-a3be-d01d43cf2fde,6/15/2024,76,Non-binary,West,6.6,147.1,3,Premium,2,0
bf3c4c06-4343-48bc-89fa-6a688fb5d27b,3/10/2024,59,Non-binary,South,18.94,19.1,2,Basic,0,0
956269f0-e5d7-4875-adad-d6c795a76d79,TBD,45,Non-binary,West,18.86,158.5,5,Basic,1,0
ff50bde4-3825-47b8-9cab-cc97663f1c97,11/10/2023,,Male,East,9.53,167.3,5,Basic,2,0
7e570ddf-8270-40a8-a369-b584ff5e9ff0,5/16/2025,33,,North,15.73,152.6,3,Standard,1,0
dc713d96-0c0f-4195-817a-f08a1745d6d8,2/5/2025,32,Female,South,7.05,161.9,3,Premium,1,1
28f49481-a0a0-4dc4-a720-9bdf1c11f735,10/19/2023,79,Male,North,8.32,166.8,4,Premium,2,0
98ae4334-6c12-4ce8-ae34-0454cac5b68c,4/25/2025,79,Female,North,9.03,45.4,1,Standard,0,0
988c24c9-61b1-4d22-a280-1c4510435a10,10/12/2023,64,Female,South,10.11,54.8,3,Premium,0,0
405cacec-8774-49a9-b7d2-1e02ff01cf99,3/28/2024,79,Female,West,19.93,130.4,3,Basic,1,1
f143262f-dc5c-4eed-8da0-365bf89897b9,2/19/2024,68,Non-binary,North,15.75,182.5,2,Premium,1,0
1d53434b-b881-49b9-ae27-0da702f06b90,6/30/2025,61,Non-binary,East,11.37,70.1,5,Basic,0,0
c0398710-8976-4334-a281-7efdae849217,10/3/2023,72,Male,North,16.31,121.8,1,Standard,2,1
5715bd6f-a416-4293-84c2-e2e3444ea7c8,1/12/2025,69,Male,South,18.8,139.8,2,Basic,0,1
287d06ca-6f4c-469a-8b22-d3081c8eaee9,1/14/2024,74,Non-binary,South,19.41,95.9,4,Premium,0,1
b8db0672-f42d-47cc-80d4-af5974273ca3,3/21/2024,20,Female,South,6.8,145.6,4,Premium,2,1
f8cda88b-436d-46e2-b83c-fe0be037e5ed,12/25/2023,54,Male,West,11.51,180.9,3,Premium,3,0
81f76d1c-2dbc-4134-830f-f46e8026695f,9/19/2024,68,Non-binary,North,7.48,128.6,3,Standard,0,1
a013ac6e-deda-4e16-9b3d-bd5ce9a1fa6f,2/18/2025,24,Non-binary,West,10.69,112.6,4,Standard,0,0
81f631d4-a392-41a7-9777-a4774c66e0a8,12/15/2023,38,Non-binary,West,8.37,93.4,3,Premium,0,1
5fb8d16c-2720-497d-b2eb-d6899be578c7,11/29/2024,26,Female,South,15.05,119.7,1,Basic,0,0
f4188f3f-8a14-4e62-a95b-4715c333e861,3/5/2024,56,Non-binary,South,11.43,77.5,3,Standard,2,1
eb2263dd-87c5-421e-ac24-a3c5c754108f,9/13/2024,35,Non-binary,West,9.2,84.4,5,Premium,0,0
7d154385-52fb-443b-9954-6eb400257ad1,3/14/2025,21,Non-binary,North,9.71,111.1,3,Premium,2,0
5cec4eb5-edd9-4831-9ca3-5cfb04fc6d82,4/4/2024,42,Non-binary,East,11.03,22.7,2,Standard,1,0
ce88cb2d-d4e8-4839-bc3e-058be0f3eab0,5/5/2025,77,Male,West,9.63,53.5,1,Standard,0,1
3da9c2a9-0ed4-4f1a-bd4c-bf374eb93eff,6/30/2024,31,Male,North,12.34,113.1,2,Standard,2,1
14296c07-f26b-4776-913e-4de2e0c53cb8,1/26/2024,150,Non-binary,South,6.44,92,2,Basic,3,0
d0e6e660-7c69-4ee1-bb5e-4bcf15ed6269,12/31/2024,75,Female,South,9.91,73.2,5,Basic,1,0
885f6e66-c2b6-42c5-ba5d-310011b7e948,1/1/2025,26,Male,North,11.75,148.8,1,Premium,1,0
a8e56e0c-20de-435d-a031-d750c40db9b4,4/20/2025,43,Non-binary,East,14.43,141.8,1,Standard,0,0
2a45c2ab-8cbf-4db0-b264-accc79ac1b1e,3/28/2025,70,Male,South,9.78,41.7,1,Basic,0,1
9b49bd26-df57-459a-8715-a10343dac043,12/15/2023,19,Male,South,7.85,176.9,1,Standard,1,0
edcd465e-3638-4821-b6e0-7cc06c52c49f,5/14/2025,37,Female,South,7.06,104.1,1,Premium,2,0
b09b2a5c-badc-432a-8159-0f538a0f4efb,6/15/2025,45,Non-binary,North,19.16,150.9,5,Basic,1,1
66245bfa-4fcc-439a-b683-d2e6337ea2df,1/23/2024,64,Non-binary,West,11.82,118.9,3,Basic,1,0
5f987c71-a65e-488e-abf3-ad39fec21bbe,5/16/2024,77,Female,South,14.13,199.6,2,Basic,4,0
7394988f-847f-49b4-a64d-1bcb702753a1,12/10/2023,24,Female,West,18.86,153,1,Premium,2,0
1064005c-3985-43cf-bf76-be1d1efa2197,12/10/2024,,Non-binary,East,7.15,144.3,3,Standard,0,0
8dcdcd03-969b-4662-8562-8059568cc69b,10/7/2023,78,Non-binary,South,18.26,157.9,3,Basic,3,0
01d74256-3860-4ab6-96a4-02f23ae8cc93,9/8/2025,25,Female,South,13.71,37.2,2,Premium,1,0
0f1259e0-a18f-46b6-b535-106e122c9a56,5/17/2024,64,,East,8.3,48.9,5,Standard,1,0
080aadfb-e7c9-4b26-9141-25c63a9bedd4,12/8/2024,52,Male,South,11.75,145.7,4,Premium,2,1
839fbc50-1223-4513-9496-f63cdc1110c1,2/25/2025,31,,West,16.88,103.9,4,Standard,2,0
7c441fe7-ab42-40a7-874a-493b3ceddf2d,8/23/2025,34,Male,North,12.72,153.4,3,Premium,2,1
b92da22b-21df-406f-8a0b-3c3336d8393a,7/5/2024,53,Female,West,19.78,29.6,2,Standard,1,0
93829b43-922f-415a-a1e3-db63ef7ddc76,7/22/2024,67,Male,North,11.26,111.9,4,Basic,0,0
7914c120-c8dc-419f-be35-11287900f7f9,3/26/2025,57,Male,North,16.48,82,3,Standard,3,0
1825bc54-30be-445f-a835-14f2ceb81f9d,2/19/2024,21,Non-binary,West,11.49,96.8,5,Premium,1,0
5ab33edf-6e59-4ed3-a8b3-17fa18d0752b,11/16/2023,19,Non-binary,West,17.6,124.8,4,,0,0
dd2467ac-778e-4db3-a93d-ffbc6c6fa611,12/20/2024,-10,Male,West,13.96,105.4,3,Standard,1,1
a748dbcf-ac61-4e63-8dde-29a6baa4b71a,3/7/2025,23,Male,West,6.88,112.6,3,Basic,0,0
0f844fef-1931-49ee-a56c-0941fbf24050,6/24/2025,71,Non-binary,East,6.51,102.4,1,Basic,0,0
ccf3a171-56dc-4907-ba6c-34ab6712303a,1/17/2025,59,Non-binary,South,7.86,87.7,5,Standard,1,1
310c0c00-3fa7-4104-9bf9-0e27dc96925e,3/24/2024,21,Non-binary,North,6.18,156.7,1,Standard,1,0
23e2fcb4-72d8-467d-894a-05e430b187ef,12/6/2023,71,Female,West,7.05,12.3,2,Premium,0,0
766ecb15-474e-4c19-aef9-12766c006f61,3/12/2025,46,Male,West,15.67,123.7,1,Basic,1,0
134c6c92-ec5b-427c-9fde-4fbf3ff350bf,5/10/2025,35,Non-binary,West,13.47,117.4,1,,0,0
db20a56e-dc81-4fe7-8eda-8bbb71710434,5/9/2024,43,Male,East,16.49,146.1,4,Basic,2,0
a6f2f7b8-0cf3-4b58-9910-8be58ce21ea3,7/9/2025,61,Female,West,18.77,123.8,3,Standard,1,0
03c72ba8-d605-4770-8a63-f881ffd0f9d5,3/2/2025,51,Female,West,14.18,167.1,5,Standard,2,1
c0e9ab30-ed26-42e9-97e0-11b7f8102383,12/27/2024,27,Non-binary,West,16.16,192.2,1,Basic,0,0
680ac07a-2a93-4d62-bc83-5dc0d9441fa5,6/4/2025,79,Female,South,16.59,75.1,5,Standard,0,0
dd59ba71-36b8-4481-bb3a-4e3e7c52fa17,12/21/2023,53,Male,East,11.28,53.2,1,Standard,1,1
2a25a888-0f02-4ad0-a706-7ef466aa9385,5/28/2025,31,Non-binary,West,9.37,90.5,2,Premium,1,0
63f2ae24-fc3d-4348-808d-4127610461e3,11/30/2024,48,Male,North,8.86,64.7,1,Standard,3,0
c8fe3ccd-c8b8-49c6-ad30-49cf43e458fc,5/17/2025,65,Male,North,9.51,126.8,4,Standard,1,0
b253d218-6c4a-47ea-8906-17f2747b6dba,10/19/2023,32,Female,North,9.84,183.3,3,Standard,0,1
c88a618e-fed4-457d-bb02-6576f512c4c3,6/13/2024,25,Female,East,8.89,36.4,2,Premium,0,0
7c967f79-b7e9-4aca-a970-65e18e46d534,11/4/2024,31,Female,East,18.29,29.2,1,Basic,2,0
37bb3eec-4bf5-4b52-b09d-258c27a0c3d7,8/15/2024,40,Female,North,16.59,58.6,5,Premium,1,0
bc594585-9445-48c0-8ef8-c2d6f7fd5646,2/12/2025,77,Female,West,6.65,148,2,Premium,1,0
504867ba-bf7b-439b-8f9a-ea4b8acd4e10,7/1/2024,74,Non-binary,East,9.75,122.7,2,Basic,0,1
7a0ecfea-958c-49ba-8cd6-20c20ea2622b,11/10/2023,79,Male,North,6.3,29.4,1,Premium,1,1
87f7e1fb-da4b-49ca-ab5c-f46780bacd64,10/14/2024,57,Male,North,12.96,184.6,2,Basic,0,0
82010c62-f5f5-4b22-8e8f-a8e0284d82e5,2/1/2025,38,,West,12.66,160.1,5,Premium,0,0
118a9d29-2f92-4996-99f1-95d014822f53,6/9/2024,33,Male,South,17.63,14.4,2,Basic,2,0
dca02eec-acda-4acc-9165-e21098543881,9/27/2023,,Female,East,10.3,133.8,5,Standard,2,1
f10c718b-1eb0-438a-a75d-d5af3c365296,7/8/2025,35,Male,West,17.42,156.5,1,Premium,1,0
94340a03-3f07-4814-91d6-3f78e3e9de99,8/9/2024,64,Non-binary,North,19.54,81.1,3,Premium,0,0
14fcdd54-9e8f-4965-8a2c-827e98326856,6/17/2025,70,Non-binary,North,7.23,23.1,2,Premium,1,0
90b2b633-956b-4c0c-a849-9b926b5252e3,10/2/2024,41,Male,West,17.08,24.7,3,Premium,2,0
42c18a62-ef48-48d5-90fd-9d3f85d51695,12/8/2023,,,East,14.25,29.8,5,Standard,1,0
506e5a9a-b758-488d-ab73-295b344a54b8,8/19/2024,42,Non-binary,South,12.71,169.7,2,Premium,3,0
21813d25-6552-48a6-83ff-50113d1a85dd,6/25/2024,77,Non-binary,South,11.88,183,4,Standard,0,0
750cab75-4ccc-4bc2-a53f-8a28abf3e3fc,1/23/2025,77,Female,North,16.98,33.3,3,Standard,2,1
ef8c485b-c07a-40f2-add4-253b50f0fd0a,8/10/2025,77,Non-binary,East,14.94,54.8,2,Standard,2,0
9f044aed-7552-4327-8262-7f7312922f83,6/22/2025,62,Female,South,17.26,41.4,3,Standard,0,0
19985f15-ff00-4d4d-9020-59e4ff9ab5c2,9/9/2024,58,,East,18.63,45.4,2,Basic,1,0
8181a8cc-3691-47eb-89a2-688b12c136e0,3/20/2025,-10,Female,East,14.63,169.1,1,Basic,2,0
5958a499-eeea-463e-a1e8-ac6843e42caf,1/14/2024,32,Female,North,19.72,73.1,3,Premium,0,0
3e896c64-e117-4ac3-919c-4ea3e1805081,8/21/2024,62,Female,South,14.5,69.2,4,Basic,1,0
702cdd20-2862-48b8-88f4-ef125e9953d2,2/1/2024,18,Male,West,14.9,53.2,4,Basic,1,0
4d71c366-b41b-4143-8b10-550cd5704f32,4/9/2025,42,Non-binary,North,13.76,125.5,5,Premium,1,0
ce9e1a11-fcbb-4e59-bbdd-cf7c9c96e9ec,10/27/2024,24,Female,South,7.26,82.1,2,Premium,1,0
aaf91531-0200-41f0-8768-a84fa76afde6,2/4/2025,26,Non-binary,South,16.16,151.4,3,Premium,1,0
ee87905e-4ca4-45ea-8dfa-6a56d12dbc9a,4/14/2024,,Non-binary,South,13.65,49.1,5,Basic,2,1
e0ccedc5-f05d-476e-9a84-a51aa9d3d7c7,1/8/2025,18,Female,South,12.3,159.7,3,Basic,0,0
e3c43657-1d8c-4bac-83b4-09ef2260e70f,6/6/2025,61,Male,South,18.74,124.7,2,Premium,0,1
27cb6f2a-8da0-4097-be0f-051b1b66b5a9,9/1/2025,25,Female,East,10.16,31.7,4,Standard,2,0
35ebd32d-9ad6-40ab-8821-2ddb45b89cd9,11/9/2024,41,Male,North,13.32,88.8,1,Premium,0,0
afffcfd2-341e-440b-97c7-00aab7b56ea7,5/11/2025,28,Non-binary,East,15.76,174.1,4,Standard,1,0
81627cf1-4394-42e6-9a58-7e8aa25d6b29,9/27/2024,68,Male,West,17.14,185.4,5,,2,0
e87d1c78-e7c4-41c7-8049-7b717d106c60,9/13/2024,34,Male,South,12.42,98.5,1,Premium,1,1
a2607723-17a0-4f49-8d01-280fd89a40c0,8/21/2024,25,Male,North,17.78,101.4,5,Premium,1,0
0b49452d-46d4-43f3-9450-281c6c6f7633,6/20/2025,52,Non-binary,South,16.75,184.5,2,Premium,2,1
217d65a0-c568-41cd-9563-f61600e85ece,4/7/2025,52,Non-binary,North,6.92,121.5,1,Basic,0,0
295d6fbf-430f-401d-bad4-09e2a319dcb4,12/21/2024,50,Male,East,6.63,16.2,5,Standard,2,0
b4a69f3c-8d3a-4d99-b11c-21c9bdc14f1f,4/13/2024,76,Male,North,14.68,183.4,2,Basic,0,0
1ca3c448-0279-46a6-8f97-97b06d7ce3c9,5/25/2024,22,Female,West,10.85,57.2,4,Basic,0,0
b0e6a969-e213-42b0-b1ee-dba313432e61,7/10/2025,59,Male,West,8.92,119.8,2,Premium,1,0
093923de-8bab-4e3b-a628-6bfbe767dcea,3/26/2024,56,Female,North,14.11,41.4,3,Basic,0,0
8d7248e2-951f-48d0-9e84-f058d5a804eb,6/24/2025,75,Male,North,10.77,16.4,2,Premium,0,0
0ab54bde-20a0-4502-ae06-809725e97977,9/12/2025,58,Female,North,13.51,69.2,2,Standard,0,0
eededb07-e623-4689-9d59-cd2a4eea04e7,not a date,45,Non-binary,North,12.43,158.3,3,Premium,0,0
0a368ce7-dc57-4131-b8e1-daa7cbceabde,4/21/2024,24,Male,West,14.18,62.7,5,Basic,1,1
ae9bec36-35c7-436c-9b99-62c6e61fecc0,8/2/2025,26,Male,South,11.59,51.8,5,Basic,1,1
5a8aaeca-1a50-4ec3-aabc-25fa3fe12e47,not a date,25,Male,North,15.76,50.4,2,Premium,2,0
dfed2c43-e256-46dc-8f54-86b7c7b5b2bc,3/25/2024,29,Male,North,8.51,107.9,3,Premium,1,0
bfddc3d9-9ee3-4c2a-b94d-62046808593f,4/22/2025,51,Female,West,15.74,195.4,3,Basic,0,0
3c9ad14c-ee0c-4eb5-acfe-db992790cebd,not a date,50,Male,West,11.75,97.2,4,Standard,3,1
ccc56569-f9e8-4369-a999-b735dd56cc94,12/3/2024,65,Non-binary,East,18.23,115.9,5,Standard,1,0
698c206f-e1a4-4e10-ad53-4dd0cf8ebc5a,1/4/2025,,Non-binary,North,13.2,173.5,1,Premium,0,0
ecab3301-bc8f-4d29-adea-94930658663a,2/17/2025,40,Male,East,19.61,111.7,5,Standard,2,1
696608aa-ee49-4329-884a-7b28550a1b46,7/8/2024,79,Non-binary,West,14.42,45,5,Basic,1,0
bc2cbb0d-dd33-4cc7-ab7f-089acd5f4822,6/5/2024,41,Male,West,9.12,66.9,4,Premium,1,0
28c13091-444d-410b-bf87-e362cf8d446a,10/10/2023,54,Male,South,17.5,68.9,1,Basic,1,0
61ee411a-1bac-47a7-b386-f7a4c991603f,10/5/2024,52,Non-binary,North,10.82,85.5,4,Basic,0,0
787f2425-dbcc-4477-89e9-db0adf465290,7/9/2025,61,Male,East,10.86,91.1,1,Standard,3,0
eb1fa9f2-d10b-41d0-b317-347038f16a81,5/27/2024,57,Non-binary,West,6.44,162,2,Premium,1,0
d20eac17-4e20-4d1a-9983-36e375d66ed4,2/6/2024,39,Female,West,13.67,76.4,1,Premium,4,0
39118497-3a43-42ba-9f0f-06cbcb9bc326,9/30/2024,44,Male,East,13.47,99,4,Standard,1,0
6601ddd0-3170-4437-a8f7-ef5a060edf5b,2/29/2024,,Female,South,10.97,128.7,5,Basic,1,1
11c58ef0-dd46-4c09-8752-87aa5408f9ac,6/19/2024,18,Non-binary,West,18.51,81.8,1,Basic,3,0
59e4b671-4774-4c58-85f8-bc16f7860b50,5/29/2025,52,Female,North,7.79,168.9,1,Basic,0,0
adf4e62d-6651-429e-8268-690ba43825b5,4/5/2024,54,Female,West,10.61,121.6,3,Basic,0,0
54c63cd8-8945-4f27-97fa-2d8dfb2ca025,6/8/2024,64,Non-binary,North,10.49,65.9,5,Premium,0,1
e08596db-1d87-4966-8710-d430f071d879,4/22/2024,31,Female,East,7.28,145.7,2,Premium,0,0
94a1875d-2db6-4edb-82de-ffccf86c2ca2,8/1/2025,20,Female,North,12.73,110.3,4,Standard,2,0
09cb3942-43f5-4a85-bbc9-f87af668a617,12/24/2024,18,Non-binary,East,15.62,111.5,2,Standard,1,1
587ef344-6f3f-420c-98b8-e4cc1bc044fc,3/15/2025,22,Female,North,13.15,101.4,5,Premium,1,1
6fb78271-504d-481f-8953-5b63ba81edd9,8/1/2025,43,Non-binary,East,8.19,104.4,1,Premium,4,0
1d9af659-82ec-4f2d-bbf6-e16f9b3080d5,4/19/2024,72,Female,North,11.27,155.4,1,Basic,1,1
30a900ad-939b-462d-a645-f129629c2ae3,11/22/2024,31,Non-binary,South,6.03,29.6,5,Basic,1,0
6fa17735-b572-43d0-8b5c-ea6a41357e8c,9/25/2023,56,Non-binary,North,18.15,73.5,1,Standard,4,0
ce777f00-ecf2-4e76-8519-7ff4006ed6e3,10/23/2024,44,Female,North,7.17,24.3,1,Premium,0,0
f0b5156b-b82c-4074-afd5-dea589d7fd6c,2/13/2024,26,Female,South,14.35,153.1,1,Standard,1,0
3270e4fa-abae-4f43-bcae-8081bdf070aa,11/23/2023,32,Female,West,19.8,61.7,4,Premium,1,0
f2e9702d-11e9-4daa-ae69-81a35d3d9e56,3/23/2024,32,Male,West,13.5,180.5,4,Basic,3,0
9f871ce7-5487-4d4f-abb7-a385aa0b7b14,3/30/2025,43,Male,North,18.93,110,3,Standard,3,0
1fe771d6-d917-4793-a9d3-c2e6505cc686,7/29/2024,59,Male,South,9.3,162.1,2,Standard,1,0
81d2c7de-4ce1-4b90-a669-7833b841d0a0,10/1/2024,77,Non-binary,North,16.63,196,5,Premium,1,1
5380b904-688c-4015-aab9-7e494f2d4796,11/22/2024,30,Female,East,13.43,169.6,5,Basic,0,0
8dedf9fb-4bb0-4f20-b27c-40266703b636,4/28/2025,68,Non-binary,East,16.08,174.7,5,Standard,0,0
aa38d0a1-6ba2-4efe-b11c-6eb62095eef6,3/22/2024,49,,North,6.86,87.5,3,Basic,0,0
bf85bf0e-ad64-456c-a10f-aa3ff0bbac67,3/7/2025,56,Female,West,8.06,114.8,4,Standard,0,1
91b0e1d9-9d92-42af-ac8d-0e44e71e43a6,9/21/2024,66,Non-binary,West,7.85,58.2,3,Basic,0,0
d56f0350-8c45-4ce2-a7f4-8ad54d0b0d1a,1/31/2025,69,Female,North,15.61,47.3,5,Premium,3,1
35ce8841-4973-4d6c-8dca-bfb7001a9a8b,not a date,78,Non-binary,North,17.81,106,2,Standard,0,0
9b4e2c24-9479-41e6-8927-7d9b6e0d2648,TBD,49,Female,East,16.48,123.1,1,Standard,1,0
7118e364-7709-4749-927e-ecfaa79ac9aa,8/31/2024,21,Male,West,6.42,74.5,4,Basic,0,0
82dc4c8e-36b5-429a-acf5-e81e71316269,5/25/2025,47,Male,North,18.13,118.2,4,,1,0
f5b78cc7-e6b3-4944-8b32-3e357922bac2,10/1/2023,54,Female,East,10.95,178.6,3,Standard,2,0
a8aa7158-2b70-4525-bc67-f831cbc84759,11/29/2023,40,Non-binary,West,11.55,115.8,4,Premium,0,1
a9f25336-83f4-49a9-88a6-39d015b52908,5/3/2024,150,Male,South,7.46,147,5,Basic,1,0
17e8392a-55ce-45db-9e87-e04ca2086977,3/8/2024,62,Male,East,16.31,163,5,Basic,0,0
3c20592f-c04a-46c4-b3b6-3fe1d1843324,7/28/2024,32,Male,West,8.54,197.9,3,Basic,1,1
ce7ae7f6-3982-4cff-8f77-a665ac3c5640,3/8/2025,-10,Female,West,13.89,124.6,5,Standard,2,0
0bd4a990-0640-4e0f-a5b8-fd4b32fa2de8,3/24/2024,46,Female,East,17.76,163.3,2,Standard,0,1
9c7c7377-79a2-4903-bbe3-3b243eae0032,5/12/2024,53,Non-binary,South,7.24,192.9,3,Standard,0,0
74962764-12a4-4ef0-84bb-b7a9d98868dd,2/14/2025,30,Non-binary,East,13.48,189.4,2,,0,0
935f2b0a-a138-4ddc-a2d9-de5d6a18ce4c,12/12/2024,49,Non-binary,West,9.26,36.8,1,Premium,0,0
624c69b6-b244-45a7-b7e5-848131c681ec,6/30/2024,24,Female,North,10.79,87.2,2,Premium,1,0
25c73c44-3e75-43b4-a64f-a6637e8f8095,9/19/2024,76,Female,North,12.63,71.6,1,,3,1
e4855aa1-016b-4287-b008-05cca7f36ae9,11/20/2024,68,Non-binary,East,10.96,26.5,1,Premium,0,0
e2add909-c521-4f2d-9c45-d539c03f3538,11/3/2024,39,Non-binary,West,15.07,130.3,2,Basic,1,0
3805f907-6cd6-4193-8746-8f591b494e15,6/11/2024,45,Female,North,12.7,149.8,3,Basic,1,0
b227462c-f53d-4330-8dda-24ba2d06e8cf,8/13/2024,19,Non-binary,West,14.17,171.1,5,Basic,2,0
8eb22579-0cdb-4ca4-b6ec-bdd68498e113,4/19/2025,59,Male,East,16.31,33.3,5,Standard,0,1
1f115b76-d92c-4227-aadf-50853fcb7546,11/18/2024,62,Female,North,13.8,176.5,1,Basic,1,0
76f2dbfe-cd29-436f-a222-82e174daaebf,5/31/2024,79,Non-binary,West,14.2,132.2,1,Premium,2,0
8f15ba58-fce6-4504-87f8-424daae65fc1,6/17/2024,,Female,North,13.89,143.7,3,Standard,1,1
c1581092-f335-4ba3-913a-7052986f9025,3/16/2025,70,Male,East,11.29,183,4,Premium,0,0
d0a44432-9cd6-4852-b14c-7df4e4347d51,9/4/2024,23,Female,West,10.71,128.7,2,Basic,0,1
6d3ee1dc-8139-4443-a45b-712eb8225688,4/15/2024,45,Female,North,18.59,73.8,1,Basic,1,0
722764e6-8c41-461b-a827-a1b9d4a02e53,5/13/2024,45,Female,East,14.5,166.8,5,Basic,1,0
dc8aee30-be60-43f7-a8be-9288e5af6e39,3/31/2024,61,Female,North,9.41,79,3,Standard,0,0
c074718e-425a-409f-b337-c59979844388,3/15/2024,61,Male,North,12.97,16.5,2,Premium,0,0
46fde062-a33d-47af-9701-410d3f4b1a70,12/20/2023,37,Female,South,10.61,167.8,3,Standard,3,1
7c0e8cd8-8573-4793-8715-b2b9c40c5d91,3/31/2025,47,Female,South,19.06,75.6,2,Standard,0,0
709b7d97-464c-44af-bd3f-3799a07295e9,TBD,79,Non-binary,East,6.1,157,2,Basic,1,0
3c07c574-4925-4af1-b6aa-e05b13d5f2f7,5/20/2024,28,Female,South,9.14,78.9,1,Standard,1,0
e49d681d-51d8-4c64-95fa-1ab8458f1f19,12/19/2023,75,Non-binary,East,11.1,173.6,3,Standard,1,0
269cd696-236c-4b87-94a0-bccb8a476a87,4/17/2025,72,Male,South,12.82,51.7,3,Basic,0,0
271e3ee2-b1a6-41f1-a20e-99d33b33f3d8,11/7/2024,45,Male,North,17.9,195.2,5,Standard,1,1
6a34c854-1071-4d51-b6c5-9dacb4d7e28e,5/2/2025,42,Male,East,7.22,158.2,5,Basic,1,0
7746d0ba-8ae8-405b-94b4-a48268586eba,3/7/2025,56,Male,East,17.27,31.7,1,Basic,1,0
d5385b0e-34f3-493c-8ff0-a55c6a702e2f,2/8/2024,,Non-binary,North,6.77,117.5,1,Basic,3,0
c51155ff-e7a3-4e81-a3b4-c08b6b8e869f,2/13/2024,50,Female,East,17.78,197.2,4,Basic,1,0
05000bc6-b20d-4b6e-b231-1f1795863a76,3/4/2024,18,Male,East,6.71,99.5,5,Standard,0,0
9360715f-c3fe-4183-a172-b725db52ca58,4/13/2025,74,Female,South,6.25,44.6,2,Basic,1,0
f1578470-0182-47c4-ba1b-58066160a6b4,9/28/2024,44,Non-binary,East,15.75,102.1,3,Basic,2,1
63d62a39-c0e3-4efd-8c71-e0fe5a0cdd7c,4/19/2024,79,,West,19.95,107.4,1,Standard,3,0
d5f25073-f414-42b1-a442-9ebbda7b9095,4/2/2025,74,Non-binary,North,18.54,150.9,3,Standard,0,0
bc10fa52-bf5d-4fdf-89c8-d2ab6b44fa8d,12/18/2024,69,Male,South,14.05,142.8,3,Premium,1,0
e5d6f6e6-9a6e-42f5-8cc4-29038bcf53a1,4/30/2025,30,Female,South,18.83,86.5,4,Standard,2,1
45df16b6-382c-443f-bcfc-9b793875394c,10/29/2024,58,Female,West,6.06,51.4,5,,0,0
638c254c-076e-4bba-bc53-08bf6f92f25e,12/24/2024,20,Female,North,19.64,132.6,1,Premium,0,0
cc530e36-addc-4e13-ab3b-4d37560c95ee,4/24/2024,,,North,12.86,90.1,3,Standard,1,0
d72b6108-2a40-4f12-b963-f37f67814c1f,12/5/2023,23,Male,South,16.11,35.1,1,Standard,0,0
fb10987f-20ac-4703-ab67-146a77a6e17c,6/25/2025,25,Non-binary,East,17.48,181.1,2,Standard,0,0
